{
  "test_accuracy": 0.8862727093854529,
  "test_f1": 0.8850287148836461,
  "classification_report": "              precision    recall  f1-score   support\n\n           0       0.91      0.91      0.91      4976\n           1       0.91      0.85      0.88      2999\n           2       0.96      0.93      0.95      2764\n           3       0.80      0.89      0.84      2364\n           4       0.00      0.00      0.00        70\n           5       0.80      0.86      0.83      2074\n\n    accuracy                           0.89     15247\n   macro avg       0.73      0.74      0.73     15247\nweighted avg       0.89      0.89      0.89     15247\n"
}